

INSERT INTO Klienci VALUES ('Ździchacz', 'Krzywanoga', 78, 'zdziw.krzyw@wp.pl', '516949345', 1, 'Rumia', 'mężczyzna');
INSERT INTO Klienci VALUES ('Mariola', 'Stonoga', 47, 'misiaczek@gamil.com', '511784623', 2, 'Wejherowo', 'kobieta');
INSERT INTO Klienci VALUES ('Kacperek', 'Duszewki', 8, 'toNaPewnoMama@wp.pl', '589949345', 3, 'Reda', 'mężczyzna');
INSERT INTO Klienci VALUES ('Jessica', 'Pierogi', 21, 'draq@gamil.com', '658234912', 4, 'Gdynia', 'nieznana');
INSERT INTO Klienci VALUES ('Grażyna', 'Nosacz', 89, 'nosacz.grazyneczka@wp.pl', '458912643', 5, 'Dębogórze', 'kobieta');
INSERT INTO Klienci VALUES ('Tytus', 'Czarnousty', 40, 'czarnyMaster.Niszczyciel.krzyw@tlen.pl', '987456912', 6, 'Puck', 'mężczyzna');
INSERT INTO Klienci VALUES ('Miłosz', 'Kichacz', 31, 'kichajacyWafel@tlen.pl', '675123456', 7, 'Swornegacie', 'mężczyzna');
INSERT INTO Klienci VALUES ('Julia', 'Grzybnia', 18, 'juleczka_0700.@wp.pl', '519943344', 8, 'Rumia', 'kobieta')
INSERT INTO Klienci VALUES ('Ania', 'SmrójRogal', 27, 'smaroj_rolaga@wp.pl', '526949365', 9, 'Gdańsk', 'kobieta');
INSERT INTO Klienci VALUES ('Karol', 'Wbijmizęba', 98, 'twojkaroleczek@wp.pl', '589654987', 10, 'Reda', 'mężczyzna');

INSERT INTO Specjalizacje VALUES ('Najlepszy wyrywacz zębów we wszechświecie', 'Gdy osiagniesz ten poziom wyrywania zębów możesz pochwalić się innym');
INSERT INTO Specjalizacje VALUES ('Mama powiedziała, że ładnie zęby z plasteliny ulepiłem', '"Bardzo ładnie dziecko moje" ~MAMA');
INSERT INTO Specjalizacje VALUES ('Umiem sprawić, że będą boleć Ciebie zęby. Abo nie.', 'To nie tak, że nie pomogłem w ten sposób');
INSERT INTO Specjalizacje VALUES ('Nigdy nie będziesz mieć tak pięknego uśmiechu jak ja', 'No chyba, że wyskoczysz z kaski');
INSERT INTO Specjalizacje VALUES ('Nie lubię ludzi, dlaczego wybrałem taką pracę', 'Trzeba było zostać grabarzem');
INSERT INTO Specjalizacje VALUES ('Ortodonta', 'No, ja żem umiem proste zęby robić panie');
INSERT INTO Specjalizacje VALUES ('Sprawne me ręce, temu chrirugiem szczękowym zostałem.', 'Pewnie nie będziesz mnie pamiętał, ale ja będę Ciebie pamiętał');
INSERT INTO Specjalizacje VALUES ('Najlepszy asystent pod słońcem', 'Jak ja najlepsze rzeczy przynosze');
INSERT INTO Specjalizacje VALUES ('Golden rose from an old lady in the backyard', 'Babcia approved');
INSERT INTO Specjalizacje VALUES ('Proszę do mnie nie przychodzić', 'Najchętniej bym poszedł spać');
INSERT INTO Specjalizacje VALUES ('Bardzo głodny jegomość', 'Proszę dajcie mi zjeść');


INSERT INTO Dentyści VALUES ('Zbyszek', 'Kawaler', '123456789', 'Gdynia ul. Śledzia', 1, '12345678901234567890123456', 'Bardzo głodny jegomość');
INSERT INTO Dentyści VALUES ('Jagoda', 'Jagodzińska', '223456789', 'Gdynia ul. Śledzia 4', 2, '32345678901234567890123456','Ortodonta');
INSERT INTO Dentyści VALUES ('Paweł', 'Gruboskórny', '323456789', 'Rumia ul. MorzeBezMorza 7', 3, '42345678901234567890123456', 'Umiem sprawić, że będą boleć Ciebie zęby. Abo nie.');
INSERT INTO Dentyści VALUES ('Karina', 'Maślak', '423456789', 'Koniec ul. Proszę 19/a', 4, '52345678901234567890123456', 'Najlepszy wyrywacz zębów we wszechświecie');
INSERT INTO Dentyści VALUES ('Bożydar', 'Womanazer', '523456789', 'Gdańsk ul. NoChybanie 13', 5, '62345678901234567890123456', 'Nigdy nie będziesz mieć tak pięknego uśmiechu jak ja');
INSERT INTO Dentyści VALUES ('Walenty', 'Alabaster', '623456789', 'Rumia ul. Portek 7', 6, '72345678901234567890123456', 'Mama powiedziała, że ładnie zęby z plasteliny ulepiłem');
INSERT INTO Dentyści VALUES ('Konrad', 'Urwaniec', '723456789', 'Reda ul. Chciałbymżyć', 7, '82345678901234567890123456', 'Golden rose from an old lady in the backyard');
INSERT INTO Dentyści VALUES ('Alina', 'Boląmnieplecy', '823456789', 'Wejherowo ul. Butelka', 8, '92345678901234567890123456', 'Nie lubię ludzi, dlaczego wybrałem taką pracę');
INSERT INTO Dentyści VALUES ('Antonina', 'Kuchwaleojczyzny', '993456789', 'Debogorze ul. ŁoPani 7', 9, '99345678901234567890123456', 'Sprawne me ręce, temu chrirugiem szczękowym zostałem.');
INSERT INTO Dentyści VALUES ('Kajtek', 'Urwanypalec', '543456789', 'Gdańsk ul. Głębiepodeszwy', 10, '00345678901234567890123456', 'Proszę do mnie nie przychodzić');

INSERT INTO Relacje VALUES ('2017-08-21 13:12', 9, 1, 1,2);
/*INSERT INTO Relacje VALUES ('2017-08-21 13:12', -6, 3, 2,1);*/
INSERT INTO Relacje VALUES ('2018-02-21 19:10', 19, 2, 3,4);
INSERT INTO Relacje VALUES ('2017-08-21 13:12', 3, 3, 4,3);
INSERT INTO Relacje VALUES ('2017-08-21 13:12', 6, 4, 5,6);
INSERT INTO Relacje VALUES ('2017-08-21 13:12', 22, 5, 6,5);
INSERT INTO Relacje VALUES ('2017-08-21 13:12', 87, 6, 7,8);
INSERT INTO Relacje VALUES ('2017-08-21 13:12', 12, 7, 8,7);
INSERT INTO Relacje VALUES ('2017-08-21 13:12', 21, 8, 9,10);
INSERT INTO Relacje VALUES ('2017-08-21 13:12', 76, 9, 10,9);

INSERT INTO Komentarze VALUES ('Miły chyba ten lekarz', 'Polecam, szybki gostek', 1);
INSERT INTO Komentarze VALUES ('Wyrwał mi złego zębą!', 'Ale no trundo sie mowi', 2);
INSERT INTO Komentarze VALUES ('Było ok', 'Tak jak w tytule', 3);
INSERT INTO Komentarze VALUES ('Uwazam, ze to cham i prostak!', 'Wyrzucił mnie z gabinetu :(', 4);
INSERT INTO Komentarze VALUES ('Chciałbym mieć uśmiech jak ten doktor', 'Ale powiedział, że nie ma dla mnie szans...', 5);
INSERT INTO Komentarze VALUES ('No poszłam tam bo myślałam, ze było blisko', 'I było blisko', 6);
INSERT INTO Komentarze VALUES ('Wejdz na moją strone!', 'A zostaniesz milionerem', 7);
INSERT INTO Komentarze VALUES ('Lekarze go nienawidzą', 'Bo nie umie leczyć.', 8);
INSERT INTO Komentarze VALUES ('Najlepsze lizaki w całym mieście', 'Mam 8 lat i jestem degustatorem słodyczy', 9);
/*INSERT INTO Komentarze VALUES ('Ten lekarz to gangster na mojej dzielni', 'weź go ktoś zamkniej w więzieniu', 10); check*/ 

INSERT INTO Dyplomy VALUES (34, 'CR3_GettyIm', 1,1, 'Najlepszy wyrywacz zębów we wszechświecie');
INSERT INTO Dyplomy VALUES (22, 'img3.jpg', 2, 2,'Mama powiedziała, że ładnie zęby z plasteliny ulepiłem');
INSERT INTO Dyplomy VALUES (50, 'img4.jpg', 3,3, 'Umiem sprawić, że będą boleć Ciebie zęby. Abo nie.');
INSERT INTO Dyplomy VALUES (34, 'img5.pg', 4,4, 'Nigdy nie będziesz mieć tak pięknego uśmiechu jak ja');
INSERT INTO Dyplomy VALUES (48, 'img6.jpg', 5,5, 'Nie lubię ludzi, dlaczego wybrałem taką pracę');
INSERT INTO Dyplomy VALUES (99, 'img7.jpg', 6,6, 'Ortodonta');
INSERT INTO Dyplomy VALUES (67, 'img8.png', 7,7, 'Sprawne me ręce, temu chrirugiem szczękowym zostałem.');
INSERT INTO Dyplomy VALUES (33, 'img9.bmp', 8,8, 'Najlepszy asystent pod słońcem');
INSERT INTO Dyplomy VALUES (65, 'img10.jpg', 9,9, 'Golden rose from an old lady in the backyard');
INSERT INTO Dyplomy VALUES (98, 'img11.bmp', 10,10, 'Bardzo głodny jegomość');

INSERT INTO Terminarz VALUES ('poniedziałek', '12:00', '19:00', 1, 1);
INSERT INTO Terminarz VALUES ('poniedziałek', '9:00', '29:00', 2, 2);
INSERT INTO Terminarz VALUES ('wtorek', '10:00', '16:00', 3, 1);
INSERT INTO Terminarz VALUES ('wtorek', '15:00', '17:00', 4, 2);
INSERT INTO Terminarz VALUES ('środa', '5:00', '10:00', 5, 1);
INSERT INTO Terminarz VALUES ('środa', '17:00', '24:00', 6, 2);
INSERT INTO Terminarz VALUES ('czwartek', '12:00', '19:00', 7, 1);
INSERT INTO Terminarz VALUES ('czwartek', '9:00', '19:00', 8, 2);
INSERT INTO Terminarz VALUES ('piątek', '12:00', '19:00', 9, 1);
INSERT INTO Terminarz VALUES ('piątek', '12:00', '19:00', 10, 2);

INSERT INTO Terminy VALUES ('12-04-2018 12:35', 'prosze pomoz, bo mnie zab boli', 1, 1,1 );
INSERT INTO Terminy VALUES ('12-08-2019 11:25', 'aparat', 2,2,2);
INSERT INTO Terminy VALUES ('07-11-2018 19:45', '?', 3, 3,3);
INSERT INTO Terminy VALUES ('12-01-2018 16:35', 'prochnca', 4, 4,4);
INSERT INTO Terminy VALUES ('12-01-2018 16:35', 'naprawa ubytku', 5, 5,5);
INSERT INTO Terminy VALUES ('12-01-2018 16:35', 'udawany klient miejsce na kawe z Basią', 6, 6,6);
INSERT INTO Terminy VALUES ('12-01-2018 16:35', 'penwnie i tak nie przyjdzie', 7, 7,7);
INSERT INTO Terminy VALUES ('12-01-2018 16:35', 'wybielanie zebow', 8, 8,8);
INSERT INTO Terminy VALUES ('12-01-2018 16:35', 'pomoc bezdomnym', 9, 9,9);
INSERT INTO Terminy VALUES ('12-01-2018 16:35', 'dziecko Basi', 10, 10,10);


INSERT INTO Rachunki VALUES ('opłacony', 230, '12-01-2018 16:35', 'nazwa', 1, 1);
INSERT INTO Rachunki VALUES ('do zapłaty',56, '12-01-2018 16:35', 'nazwa', 2, 2 );
INSERT INTO Rachunki VALUES ('oplacony',100, '12-01-2018 16:35', 'nazwa', 3, 3); 
INSERT INTO Rachunki VALUES ('darmowe',200, '12-01-2018 16:35', 'nazwa', 4, 4);
INSERT INTO Rachunki VALUES ('do zapłaty',150, '12-01-2018 16:35', 'nazwa', 5, 5);
INSERT INTO Rachunki VALUES ('do zapłaty',350, '12-01-2018 16:35', 'nazwa',6 ,6);
INSERT INTO Rachunki VALUES ('do zapłaty',50, '12-01-2018 16:35', 'nazwa', 9, 9);
INSERT INTO Rachunki VALUES ('opłacony',100, '12-01-2018 16:35', 'nazwa', 10, 10);

DELETE FROM Terminy WHERE NumerIDRachunku=1






